name,position,강화,max,min,only_one,출생,리그,생년,생월,생일,키,몸무게,체격,명성,능력치,다이빙,핸들링,킥,반응속도,스피드
사리체프,GK,1,0,1,0,러시아,한국,1960,1,12,193,87,보통,일반선수,70.335,69.45022,71.64857,67.13298,72.51833,40.918388262704376
사리체프,GK,1,1,0,0,러시아,한국,1960,1,12,193,87,보통,일반선수,78.24,77.5143,79.796875,74.11222,80.22722,41.14858725413885
사리체프,GK,1,0,1,0,러시아,한국,1960,1,12,193,87,보통,유명선수,71.895,71.0416,73.256584,68.510284,74.03963,40.918388262704376
사리체프,GK,1,1,0,0,러시아,한국,1960,1,12,193,87,보통,유명선수,79.25,78.544624,80.83796,75.003944,81.21216,41.14858725413885
