name,position,강화,max,min,only_one,출생,리그,생년,생월,생일,키,몸무게,체격,명성,능력치,다이빙,핸들링
사리체프,GK,1,0,1,0,러시아,한국,1960,1,12,193,87,보통,일반선수,70.335,69.45022,71.64856962773008
사리체프,GK,1,1,0,0,러시아,한국,1960,1,12,193,87,보통,일반선수,78.24,77.5143,79.79687338815579
사리체프,GK,1,0,1,0,러시아,한국,1960,1,12,193,87,보통,유명선수,71.895,71.0416,73.25658176382747
사리체프,GK,1,1,0,0,러시아,한국,1960,1,12,193,87,보통,유명선수,79.25,78.544624,80.83796199986291
